Series Name,Series Code,Country Name,Country Code,1990 [YR1990],2000 [YR2000],2014 [YR2014],2015 [YR2015],2016 [YR2016],2017 [YR2017],2018 [YR2018],2019 [YR2019],2020 [YR2020],2021 [YR2021],2022 [YR2022],2023 [YR2023]
GDP per capita (constant 2015 US$),NY.GDP.PCAP.KD,Burundi,BDI,435.070943,310.0067109,307.7655313,289.3596272,282.9759666,277.9598031,274.1319085,270.1372774,263.3609887,264.3648329,262.1848047,..
GDP per capita (constant 2015 US$),NY.GDP.PCAP.KD,Central African Republic,CAF,531.3860052,445.803293,338.7003848,351.8797548,362.2183312,371.603131,378.2630778,381.4140464,375.2169241,370.980373,364.6907534,..
GDP per capita (constant 2015 US$),NY.GDP.PCAP.KD,Madagascar,MDG,546.3711989,474.1390219,453.3834142,455.6380346,461.7360481,467.6550676,470.4238983,478.9269614,433.83824,447.7846759,453.858147,..
GDP per capita (constant 2015 US$),NY.GDP.PCAP.KD,Somalia,SOM,..,..,477.3395696,507.4829155,520.0980318,547.6166859,543.9980799,543.6143913,511.8988094,512.4512395,509.0526065,..
GDP per capita (constant 2015 US$),NY.GDP.PCAP.KD,"Congo, Dem. Rep.",COD,817.0809692,339.9694493,466.4249468,482.0645686,476.8149047,477.8478912,489.3823746,494.8192478,487.4331332,501.2390885,528.7888345,..
GDP per capita (constant 2015 US$),NY.GDP.PCAP.KD,Niger,NER,461.2155281,389.077523,478.8551539,481.1113011,489.4338123,494.6354943,510.5955143,520.9346433,519.6960778,507.7103245,545.4128982,..
GDP per capita (constant 2015 US$),NY.GDP.PCAP.KD,Malawi,MWI,354.000744,421.8194582,544.2637939,544.2768727,542.925737,549.6263017,558.5604527,573.400114,562.7830388,563.3619563,554.1985035,..
GDP per capita (constant 2015 US$),NY.GDP.PCAP.KD,Chad,TCD,429.2491463,379.3515468,777.9356811,774.4116031,703.4660071,660.1261338,653.3497615,652.703216,622.2785063,595.6637866,590.3051762,..
GDP per capita (constant 2015 US$),NY.GDP.PCAP.KD,Mozambique,MOZ,217.5775535,293.2318956,579.6423692,603.8385138,612.7245153,609.6735491,612.59906,608.9636249,584.314952,581.4442716,590.3690443,..
GDP per capita (constant 2015 US$),NY.GDP.PCAP.KD,Guinea-Bissau,GNB,669.8077931,563.6243105,566.5355786,585.9570126,607.1663368,627.6169372,620.7710304,633.7257459,604.5951481,613.898112,621.8522261,..
GDP per capita (constant 2015 US$),NY.GDP.PCAP.KD,Sierra Leone,SLE,549.5748054,400.5989343,748.9284173,581.2934118,603.408938,611.0839948,617.5295194,634.9856157,608.3381202,619.2692233,626.9020435,..
GDP per capita (constant 2015 US$),NY.GDP.PCAP.KD,Liberia,LBR,..,763.4268725,714.18249,699.6629469,675.0596106,678.5791441,673.411392,644.1620652,612.3842476,629.8205547,646.5011599,..
GDP per capita (constant 2015 US$),NY.GDP.PCAP.KD,"Gambia, The",GMB,667.6238221,667.9653792,605.033694,611.6712191,606.3162003,618.4807687,645.9381872,668.6351226,655.5761192,666.4710868,678.3617221,..
GDP per capita (constant 2015 US$),NY.GDP.PCAP.KD,Burkina Faso,BFA,333.1715948,429.8473722,626.6262508,632.1266858,650.4172609,671.2517963,696.0445708,714.6460001,709.0577501,738.4186601,732.5703234,..
GDP per capita (constant 2015 US$),NY.GDP.PCAP.KD,Mali,MLI,469.4024926,556.7723941,703.2310345,723.5042049,741.7976347,756.4280732,767.5715955,779.326625,745.8859848,744.7604273,748.9748181,..
GDP per capita (constant 2015 US$),NY.GDP.PCAP.KD,Low income,LIC,640.9938744,675.705057,797.0473655,774.2476474,770.2643091,771.3017589,772.715819,779.6482878,758.7370899,751.8758094,757.1177748,..
GDP per capita (constant 2015 US$),NY.GDP.PCAP.KD,Ethiopia,ETH,276.2122168,258.870525,586.5736135,630.3126194,671.2905759,715.7487347,744.3675203,785.484972,811.2555399,834.9912914,857.3154856,..
GDP per capita (constant 2015 US$),NY.GDP.PCAP.KD,Togo,TGO,725.9186544,697.4441495,748.7345102,770.1433793,782.8961272,794.4229732,812.4575894,832.1414082,830.0472324,859.1973029,888.1756197,..
GDP per capita (constant 2015 US$),NY.GDP.PCAP.KD,Uganda,UGA,369.4873992,508.7619921,847.3522888,864.1800593,875.7962531,872.1858765,896.1625319,922.0231741,918.1200979,920.5476145,934.340839,..
GDP per capita (constant 2015 US$),NY.GDP.PCAP.KD,Rwanda,RWA,371.0410707,337.6615451,690.455697,733.8874728,758.9369661,769.4432778,815.0341724,871.0784013,821.7338295,889.7488478,940.3650703,..
GDP per capita (constant 2015 US$),NY.GDP.PCAP.KD,Lesotho,LSO,536.9997295,727.180765,1092.094266,1113.836835,1140.387874,1090.990303,1061.438059,1033.371164,944.2471692,950.2100257,950.6487842,..
GDP per capita (constant 2015 US$),NY.GDP.PCAP.KD,Guinea,GIN,555.29545,620.9044564,747.3634109,756.4255898,816.8470793,878.1792715,910.6526419,937.7031315,959.431973,972.7790298,994.4369972,..
GDP per capita (constant 2015 US$),NY.GDP.PCAP.KD,"Yemen, Rep.",YEM,1788.22963,2227.650906,2123.935043,1488.416269,1313.97361,1215.752596,1194.820561,1182.507096,1057.281672,1024.569907,1017.873095,..
GDP per capita (constant 2015 US$),NY.GDP.PCAP.KD,Heavily indebted poor countries (HIPC),HPC,747.2904478,734.8397747,947.0156133,963.3180678,977.1645396,994.7806333,1004.414791,1016.977909,990.5854378,1002.138309,1020.485109,..
GDP per capita (constant 2015 US$),NY.GDP.PCAP.KD,Tanzania,TZA,539.5649414,552.0678101,905.4842529,929.7998047,959.8522949,990.6271973,1012.498962,1039.510498,1028.911865,1041.75061,1057.658325,..
GDP per capita (constant 2015 US$),NY.GDP.PCAP.KD,Least developed countries: UN classification,LDC,627.352814,674.6796713,1000.717787,1002.970342,1014.96413,1033.598626,1052.682493,1076.946045,1049.432434,1051.70673,1073.675612,..
GDP per capita (constant 2015 US$),NY.GDP.PCAP.KD,Nepal,NPL,420.7431199,546.9316252,853.1480502,882.3076634,878.1503885,946.042558,1006.606909,1061.486278,1018.107913,1042.973974,1083.03455,..
GDP per capita (constant 2015 US$),NY.GDP.PCAP.KD,Myanmar,MMR,169.5427447,297.8597371,1092.298802,1159.340201,1219.665351,1284.701741,1355.447672,1434.432263,1295.287012,1131.699045,1169.106833,..
GDP per capita (constant 2015 US$),NY.GDP.PCAP.KD,IDA only,IDX,684.9838285,754.1287441,1064.686802,1073.597435,1095.119966,1125.067221,1149.702142,1176.823419,1146.443808,1160.561545,1182.677984,..
GDP per capita (constant 2015 US$),NY.GDP.PCAP.KD,Kyrgyz Republic,KGZ,1203.481949,718.3372596,1101.705195,1121.082696,1146.103079,1177.43859,1197.610575,1226.824312,1117.703848,1145.567336,1182.911716,..
GDP per capita (constant 2015 US$),NY.GDP.PCAP.KD,Haiti,HTI,1610.654941,1333.727172,1406.412235,1405.714786,1411.14311,1426.633692,1430.818777,1387.514913,1324.283286,1284.477935,1247.89239,..
GDP per capita (constant 2015 US$),NY.GDP.PCAP.KD,Benin,BEN,771.075864,888.7301846,1054.108767,1041.652523,1045.150937,1072.362032,1111.227247,1153.72621,1164.708967,1214.07759,1255.607293,..
GDP per capita (constant 2015 US$),NY.GDP.PCAP.KD,Zambia,ZMB,889.9931242,814.7729655,1312.014433,1307.909649,1315.250562,1319.607777,1331.449244,1310.622224,1237.283303,1277.612029,1308.101838,..
GDP per capita (constant 2015 US$),NY.GDP.PCAP.KD,Zimbabwe,ZWE,1648.573181,1676.51546,1412.204012,1410.329173,1393.71701,1421.240769,1462.590279,1342.989586,1213.117057,1289.199067,1345.769082,..
GDP per capita (constant 2015 US$),NY.GDP.PCAP.KD,Tajikistan,TJK,1308.320389,430.3410037,937.0034628,970.3625997,1013.391229,1060.996877,1116.293089,1172.079123,1197.210683,1281.960911,1356.317281,..
GDP per capita (constant 2015 US$),NY.GDP.PCAP.KD,Comoros,COM,1227.138589,1202.131382,1336.489702,1322.936775,1337.527869,1360.431185,1383.377872,1381.622238,1352.955492,1355.538811,1362.778021,..
GDP per capita (constant 2015 US$),NY.GDP.PCAP.KD,Sao Tome and Principe,STP,..,..,1296.511598,1292.733055,1336.347009,1368.54515,1406.103382,1412.66966,1422.948828,1420.950296,1395.157528,..
GDP per capita (constant 2015 US$),NY.GDP.PCAP.KD,Kiribati,KIR,1463.975894,1477.088718,1348.012172,1459.143983,1430.03708,1410.688255,1459.793962,1405.469465,1357.889095,1437.287665,1433.516321,..
GDP per capita (constant 2015 US$),NY.GDP.PCAP.KD,Cameroon,CMR,1348.73035,1137.624527,1366.966595,1399.675336,1420.029872,1429.234685,1445.267771,1454.564069,1419.328208,1428.562585,1441.794905,..
GDP per capita (constant 2015 US$),NY.GDP.PCAP.KD,Senegal,SEN,1015.037107,1076.892305,1196.164308,1238.1264,1281.546121,1339.568001,1384.642075,1409.970821,1391.046955,1443.325919,1465.10575,..
GDP per capita (constant 2015 US$),NY.GDP.PCAP.KD,IDA total,IDA,896.8891687,927.3607135,1362.420435,1379.210602,1393.905721,1417.034807,1444.804779,1467.095359,1423.030547,1451.315163,1479.461866,..
GDP per capita (constant 2015 US$),NY.GDP.PCAP.KD,Pre-demographic dividend,PRE,1159.325956,1128.149852,1557.941245,1563.469332,1556.908784,1537.874279,1532.536772,1538.070595,1458.204992,1462.711763,1481.410583,..
GDP per capita (constant 2015 US$),NY.GDP.PCAP.KD,Africa Eastern and Southern,AFE,1334.267862,1274.443713,1551.714858,1554.167299,1546.464495,1545.203136,1542.238527,1532.46891,1450.721534,1474.657674,1487.476418,..
GDP per capita (constant 2015 US$),NY.GDP.PCAP.KD,Cambodia,KHM,..,488.0027023,1109.375653,1170.742816,1235.323404,1304.549389,1384.968023,1465.969535,1404.198655,1429.937027,1488.814551,..
GDP per capita (constant 2015 US$),NY.GDP.PCAP.KD,Timor-Leste,TLS,..,947.9982556,1309.721397,1322.929094,1346.550356,1284.618354,1256.903899,1528.646196,1986.883825,2059.315344,1611.468658,..
GDP per capita (constant 2015 US$),NY.GDP.PCAP.KD,Mauritania,MRT,1398.941059,1265.160425,1522.759119,1562.726836,1541.162878,1595.233276,1628.038855,1635.839997,1588.362034,1559.809845,1616.815714,..
GDP per capita (constant 2015 US$),NY.GDP.PCAP.KD,Sub-Saharan Africa (excluding high income),SSA,1301.404877,1239.90513,1683.830165,1685.877621,1662.160202,1658.399112,1657.829697,1656.041574,1581.674959,1605.697841,1621.987865,..
GDP per capita (constant 2015 US$),NY.GDP.PCAP.KD,Sub-Saharan Africa,SSF,1302.429974,1241.199316,1685.034008,1687.100915,1663.419751,1659.662657,1659.109917,1657.355194,1582.850036,1606.909439,1623.258666,..
GDP per capita (constant 2015 US$),NY.GDP.PCAP.KD,Sub-Saharan Africa (IDA & IBRD countries),TSS,1302.429974,1241.199316,1685.034008,1687.100915,1663.419751,1659.662657,1659.109917,1657.355194,1582.850036,1606.909439,1623.258666,..
GDP per capita (constant 2015 US$),NY.GDP.PCAP.KD,Sudan,SDN,1300.544556,1906.380859,2253.633057,2226.409424,2233.061279,2176.884521,2051.979004,1950.031494,1828.150024,1746.182739,1684.630371,..
GDP per capita (constant 2015 US$),NY.GDP.PCAP.KD,Pakistan,PAK,956.9938447,1053.004306,1382.094202,1421.835278,1497.168722,1542.904071,1612.835353,1626.748868,1578.429633,1650.692674,1695.956521,..
GDP per capita (constant 2015 US$),NY.GDP.PCAP.KD,"Congo, Rep.",COG,2358.943075,2068.389853,2504.299818,2455.34791,2189.16901,2017.859751,1924.72433,1901.061453,1740.832342,1718.235704,1704.272352,..
GDP per capita (constant 2015 US$),NY.GDP.PCAP.KD,Kenya,KEN,1313.859163,1187.32581,1457.543066,1496.653573,1525.743551,1550.203457,1604.802932,1653.828985,1616.502404,1705.74039,1754.58548,..
GDP per capita (constant 2015 US$),NY.GDP.PCAP.KD,Fragile and conflict affected situations,FCS,1648.767922,1436.119815,1912.46772,1890.48128,1889.414064,1894.058164,1901.024299,1899.633963,1763.417091,1766.938332,1757.895192,..
GDP per capita (constant 2015 US$),NY.GDP.PCAP.KD,Bangladesh,BGD,493.0950726,646.0377635,1173.893,1236.004392,1307.732328,1376.603526,1460.304228,1557.964327,1593.3474,1684.433479,1784.73888,..
GDP per capita (constant 2015 US$),NY.GDP.PCAP.KD,Africa Western and Central,AFW,1258.606321,1195.248588,1880.612219,1882.264038,1835.149891,1827.645416,1830.66434,1840.776688,1777.026501,1801.331655,1822.878716,..
GDP per capita (constant 2015 US$),NY.GDP.PCAP.KD,Solomon Islands,SLB,1846.208548,1790.373749,2153.335512,2134.805418,2197.988178,2210.91151,2217.817279,2203.983395,2079.560354,2019.046477,1893.104301,..
GDP per capita (constant 2015 US$),NY.GDP.PCAP.KD,South Asia,SAS,582.712964,786.8711771,1452.987787,1539.470601,1639.304468,1724.937692,1812.680792,1862.497101,1756.622647,1882.247593,1986.135029,..
GDP per capita (constant 2015 US$),NY.GDP.PCAP.KD,South Asia (IDA & IBRD),TSA,582.712964,786.8711771,1452.987787,1539.470601,1639.304468,1724.937692,1812.680792,1862.497101,1756.622647,1882.247593,1986.135029,..
GDP per capita (constant 2015 US$),NY.GDP.PCAP.KD,Ghana,GHA,852.4215567,1020.162204,1715.823963,1711.271317,1728.097077,1827.273918,1899.808422,1981.61375,1951.064469,2009.359083,2031.428339,..
GDP per capita (constant 2015 US$),NY.GDP.PCAP.KD,Ukraine,UKR,3112.037109,1420.116699,2346.237305,2124.662598,2185.317383,2246.73877,2336.976563,2425.634766,2350.400146,2452.98291,2032.850098,..
GDP per capita (constant 2015 US$),NY.GDP.PCAP.KD,IDA blend,IDB,1326.639665,1275.53147,1953.858625,1987.567534,1990.768828,2002.27334,2038.003927,2052.293399,1982.04987,2040.184836,2081.302031,..
GDP per capita (constant 2015 US$),NY.GDP.PCAP.KD,India,IND,534.4840996,755.482294,1490.028508,1590.174331,1701.184238,1795.91185,1891.138435,1944.314848,1813.534553,1961.960889,2089.734383,..
GDP per capita (constant 2015 US$),NY.GDP.PCAP.KD,Nicaragua,NIC,1241.396223,1429.724398,1960.684941,2025.321432,2087.693417,2153.597606,2052.141404,1965.27225,1904.278886,2072.281568,2119.726206,..
GDP per capita (constant 2015 US$),NY.GDP.PCAP.KD,Lower middle income,LMC,1016.900078,1147.993095,1914.082669,1979.555371,2062.800696,2136.559281,2207.170945,2252.980637,2151.757426,2254.517925,2347.451672,..
GDP per capita (constant 2015 US$),NY.GDP.PCAP.KD,Angola,AGO,2339.473564,1909.502065,3304.681152,3217.339244,3023.916323,2914.127143,2777.843045,2666.253919,2435.024857,2387.42991,2385.119959,..
GDP per capita (constant 2015 US$),NY.GDP.PCAP.KD,Cote d'Ivoire,CIV,1909.82806,1809.920801,1858.615354,1941.581898,2027.833976,2122.502619,2168.913442,2252.543316,2234.909473,2333.353122,2430.306921,..
GDP per capita (constant 2015 US$),NY.GDP.PCAP.KD,Nigeria,NGA,1608.779561,1462.535997,2677.493581,2679.554223,2570.959759,2526.99961,2512.080475,2505.462239,2401.183415,2429.58529,2449.587981,..
GDP per capita (constant 2015 US$),NY.GDP.PCAP.KD,Papua New Guinea,PNG,1907.733734,1999.969368,2408.108306,2502.073445,2575.067512,2603.015033,2536.083188,2590.493924,2455.145342,2387.069502,2462.549091,..
GDP per capita (constant 2015 US$),NY.GDP.PCAP.KD,Honduras,HND,1704.928897,1768.253905,2213.440507,2257.225284,2303.878504,2373.79156,2423.27606,2446.108097,2190.974369,2428.031947,2487.705612,..
GDP per capita (constant 2015 US$),NY.GDP.PCAP.KD,Vanuatu,VUT,2565.052059,2731.606678,2697.773037,2643.886886,2701.592251,2802.778939,2815.587144,2838.988269,2634.243884,2589.421165,2575.930805,..
GDP per capita (constant 2015 US$),NY.GDP.PCAP.KD,Lao PDR,LAO,634.1594334,917.2887384,2009.825534,2125.459057,2240.416347,2358.372664,2467.955762,2564.019654,2539.124525,2566.277422,2599.205079,..
GDP per capita (constant 2015 US$),NY.GDP.PCAP.KD,"Micronesia, Fed. Sts.",FSM,2466.076345,2783.116177,2774.694714,2891.322103,2905.061452,2969.339334,2962.238581,2984.930124,2883.493871,2799.527103,2751.268661,..
GDP per capita (constant 2015 US$),NY.GDP.PCAP.KD,Djibouti,DJI,..,..,2279.577595,2409.311902,2538.054019,2632.913333,2714.351648,2820.062866,2814.826221,2901.137113,2950.946475,..
GDP per capita (constant 2015 US$),NY.GDP.PCAP.KD,West Bank and Gaza,PSE,..,2436.003009,3227.849345,3272.154324,3483.099035,3462.979861,3417.794408,3378.434621,2922.468011,3051.48607,3095.499812,..
GDP per capita (constant 2015 US$),NY.GDP.PCAP.KD,Bolivia,BOL,1687.442724,2017.394609,2882.806896,2975.648811,3054.892548,3135.031646,3219.200892,3242.948845,2920.197447,3061.899296,3134.766321,..
GDP per capita (constant 2015 US$),NY.GDP.PCAP.KD,Morocco,MAR,1682.328125,1948.354614,3047.131104,3139.228271,3116.562988,3234.751709,3296.194092,3355.613281,3081.662109,3293.703125,3300.799805,..
GDP per capita (constant 2015 US$),NY.GDP.PCAP.KD,Uzbekistan,UZB,1565.564943,1276.760308,2613.748248,2753.971058,2867.051113,2943.099206,3062.486222,3185.334555,3187.048974,3356.033255,3473.361643,..
GDP per capita (constant 2015 US$),NY.GDP.PCAP.KD,Cabo Verde,CPV,860.0096632,2015.381364,3174.705317,3169.078901,3267.879015,3376.938283,3463.812818,3667.057364,2876.153429,3010.345633,3494.569244,..
GDP per capita (constant 2015 US$),NY.GDP.PCAP.KD,Philippines,PHL,1739.945187,1831.699208,2843.843604,2974.296917,3130.910641,3289.472268,3439.100523,3589.613636,3195.538883,3328.042355,3527.981152,..
GDP per capita (constant 2015 US$),NY.GDP.PCAP.KD,Moldova,MDA,..,1347.092841,2738.161973,2749.913038,2911.337767,3085.738894,3268.425967,3439.12964,3189.336377,3688.652425,3582.190854,..
GDP per capita (constant 2015 US$),NY.GDP.PCAP.KD,Samoa,WSM,2547.019724,2908.188472,3933.416182,4048.467113,4329.727671,4346.504591,4277.342015,4421.294546,4223.588172,3855.807933,3591.804948,..
GDP per capita (constant 2015 US$),NY.GDP.PCAP.KD,Pacific island small states,PSS,2835.957966,3147.099138,3634.340839,3723.875114,3818.383196,3928.690301,4000.586976,3999.47777,3544.109409,3375.900168,3602.279482,..
GDP per capita (constant 2015 US$),NY.GDP.PCAP.KD,Viet Nam,VNM,673.3854775,1183.854128,2451.159389,2595.234844,2741.052788,2903.028202,3090.772595,3288.35289,3352.060011,3409.024999,3655.462678,..
GDP per capita (constant 2015 US$),NY.GDP.PCAP.KD,Early-demographic dividend,EAR,1853.482294,2185.959027,3133.912866,3227.845551,3325.688434,3431.30954,3516.704413,3554.562799,3362.074411,3562.727733,3724.249973,..
GDP per capita (constant 2015 US$),NY.GDP.PCAP.KD,Jordan,JOR,3332.360172,3635.292158,4348.236659,4064.25301,3949.610785,3947.97167,3929.687185,3909.250017,3784.762523,3845.856975,3891.212227,..
GDP per capita (constant 2015 US$),NY.GDP.PCAP.KD,Tunisia,TUN,2085.533448,2827.3788,3967.183188,3960.924849,3961.35248,4006.874087,4070.149816,4094.877941,3699.283741,3830.374262,3894.166687,..
GDP per capita (constant 2015 US$),NY.GDP.PCAP.KD,Middle East & North Africa (excluding high income),MNA,2653.87746,3142.8016,3852.901091,3805.679938,3936.998176,3992.072883,3994.96991,3962.559889,3774.398061,3880.311499,3984.803987,..
GDP per capita (constant 2015 US$),NY.GDP.PCAP.KD,Sri Lanka,LKA,1320.637354,2011.980471,3846.826238,3990.353117,4174.636996,4427.542551,4495.710463,4458.434427,4229.749594,4331.473679,3988.08016,..
GDP per capita (constant 2015 US$),NY.GDP.PCAP.KD,Tuvalu,TUV,2348.302581,3026.740292,3058.914756,3384.383201,3584.190064,3680.083895,3718.430977,4197.242092,3976.796234,3999.761062,3988.406241,..
GDP per capita (constant 2015 US$),NY.GDP.PCAP.KD,Middle East & North Africa (IDA & IBRD countries),TMN,2656.84848,3150.160155,3860.017052,3811.773554,3942.205119,3998.160937,4001.666516,3969.392097,3784.452066,3890.187699,3995.502585,..
GDP per capita (constant 2015 US$),NY.GDP.PCAP.KD,Algeria,DZA,3153.47583,3138.230019,4129.422549,4197.419985,4246.242174,4218.082319,4188.220385,4153.003455,3873.508746,3939.360864,3999.757697,..
GDP per capita (constant 2015 US$),NY.GDP.PCAP.KD,Eswatini,SWZ,2174.806136,2411.444924,3530.360904,3583.31129,3594.167067,3638.768782,3696.35985,3766.062999,3672.653346,4025.410852,4012.954495,..
GDP per capita (constant 2015 US$),NY.GDP.PCAP.KD,Indonesia,IDN,1483.638032,1845.227801,3203.484287,3322.581679,3453.04943,3591.780028,3741.305267,3892.421662,3780.121634,3892.962371,4073.610494,..
GDP per capita (constant 2015 US$),NY.GDP.PCAP.KD,"Egypt, Arab Rep.",EGY,2012.879978,2517.580506,3301.204443,3370.382447,3444.268262,3517.587895,3635.420582,3769.03577,3835.784215,3896.842853,4088.897045,..
GDP per capita (constant 2015 US$),NY.GDP.PCAP.KD,Mongolia,MNG,1770.541044,1557.43844,3909.91332,3919.351213,3892.652204,4023.785623,4242.300222,4385.111677,4106.602683,4107.183721,4249.675014,..
GDP per capita (constant 2015 US$),NY.GDP.PCAP.KD,El Salvador,SLV,2362.444301,2957.371867,3686.095562,3761.51368,3845.022493,3922.776862,4011.539979,4103.824501,3775.57609,4183.259298,4276.955245,..
GDP per capita (constant 2015 US$),NY.GDP.PCAP.KD,Iraq,IRQ,3511.166527,4138.18794,4333.82399,4416.942924,4903.823258,4702.400484,4710.976149,4854.386496,4170.392048,4141.388178,4335.783132,..
GDP per capita (constant 2015 US$),NY.GDP.PCAP.KD,Namibia,NAM,2857.947224,3082.759207,4846.889512,4965.672765,4880.445038,4746.183329,4714.452518,4596.619576,4152.180648,4228.784943,4483.283018,..
GDP per capita (constant 2015 US$),NY.GDP.PCAP.KD,Guatemala,GTM,2733.861238,3195.388078,3903.051966,3994.629085,4034.150577,4091.259983,4163.476302,4263.708444,4124.143539,4388.724072,4504.129223,..
GDP per capita (constant 2015 US$),NY.GDP.PCAP.KD,Kosovo,XKX,..,..,3279.055704,3520.782075,3739.198744,3890.212833,4009.123596,4219.097557,3990.986234,4429.977664,4724.790547,..
GDP per capita (constant 2015 US$),NY.GDP.PCAP.KD,Armenia,ARM,1641.983145,1249.612129,3538.529392,3666.141822,3689.830082,3985.916698,4215.899394,4561.967799,4256.131228,4526.597489,5116.205756,..
GDP per capita (constant 2015 US$),NY.GDP.PCAP.KD,Albania,ALB,1606.296468,1960.88246,3855.760744,3952.803574,4090.372728,4249.820049,4431.555595,4543.38771,4418.660874,4857.111942,5155.29086,..
GDP per capita (constant 2015 US$),NY.GDP.PCAP.KD,Jamaica,JAM,4503.50415,4920.070218,5049.08043,5077.550984,5132.226836,5172.916068,5264.196467,5307.510359,4769.693608,4976.359724,5236.790259,..
GDP per capita (constant 2015 US$),NY.GDP.PCAP.KD,Low & middle income,LMY,1845.537314,2241.65975,4215.307888,4342.595213,4480.992467,4651.974946,4818.788879,4950.964661,4835.660641,5129.321228,5264.822335,..
GDP per capita (constant 2015 US$),NY.GDP.PCAP.KD,Marshall Islands,MHL,3020.730712,2782.910585,3554.860012,3703.649059,3867.683892,4109.194457,4454.843544,5054.871188,5059.767277,5281.877607,5306.901555,..
GDP per capita (constant 2015 US$),NY.GDP.PCAP.KD,Fiji,FJI,3383.821623,4000.854363,4894.043638,5105.189612,5223.376039,5499.122255,5708.910971,5679.051881,4701.331508,4451.602644,5313.028471,..
GDP per capita (constant 2015 US$),NY.GDP.PCAP.KD,Georgia,GEO,3546.092394,1566.531264,3902.331071,4014.111651,4128.309196,4327.64749,4539.003515,4773.334964,4447.581935,4931.732445,5438.604177,..
GDP per capita (constant 2015 US$),NY.GDP.PCAP.KD,IDA & IBRD total,IBT,1924.880286,2342.337271,4356.060599,4486.333989,4626.866103,4803.411812,4977.31366,5114.347648,4991.696022,5298.652413,5443.300485,..
GDP per capita (constant 2015 US$),NY.GDP.PCAP.KD,North Macedonia,MKD,3568.063569,3283.379341,4687.298498,4861.55616,4994.561201,5043.694519,5184.696805,5386.20275,5067.215887,5365.476099,5500.399059,..
GDP per capita (constant 2015 US$),NY.GDP.PCAP.KD,"Iran, Islamic Rep.",IRN,3363.51012,3927.709223,5178.900707,4990.936795,5332.101032,5401.455937,5233.282054,5017.117215,5141.084776,5344.958025,5507.533395,..
GDP per capita (constant 2015 US$),NY.GDP.PCAP.KD,Azerbaijan,AZE,2820.840103,1480.808691,5506.181696,5500.503646,5270.738166,5229.70989,5262.368705,5348.453189,5083.560254,5345.439864,5590.004396,..
GDP per capita (constant 2015 US$),NY.GDP.PCAP.KD,Ecuador,ECU,4180.338333,4227.552516,6215.838092,6130.586676,5965.643273,6012.803317,5976.245345,5863.910566,5331.976611,5492.489271,5590.541634,..
GDP per capita (constant 2015 US$),NY.GDP.PCAP.KD,Middle income,MIC,1934.635521,2372.182484,4567.947683,4715.505443,4874.510532,5069.902069,5261.664373,5415.714186,5298.331084,5635.084785,5795.997904,..
GDP per capita (constant 2015 US$),NY.GDP.PCAP.KD,Equatorial Guinea,GNQ,373.179618,3941.663536,11200.81072,9788.983804,8594.450219,7818.05359,7079.650526,6472.070883,5995.905845,5870.40139,5945.201681,..
GDP per capita (constant 2015 US$),NY.GDP.PCAP.KD,South Africa,ZAF,4643.222315,4735.665532,6252.317977,6204.929901,6185.746047,6233.187108,6253.118996,6188.703558,5748.897845,5959.443657,6022.427508,..
GDP per capita (constant 2015 US$),NY.GDP.PCAP.KD,Belize,BLZ,4112.335135,5657.456684,6034.402196,6098.60008,5974.37917,5750.503569,5699.062802,5833.173562,4957.943868,5768.908388,6191.662837,..
GDP per capita (constant 2015 US$),NY.GDP.PCAP.KD,Paraguay,PRY,4036.32209,4056.23877,5774.583479,5861.401895,6025.096769,6226.68542,6338.513678,6229.224895,6095.391375,6259.738739,6193.374612,..
GDP per capita (constant 2015 US$),NY.GDP.PCAP.KD,Belarus,BLR,2890.53984,2616.927182,6212.935779,5967.06856,5811.25054,5964.914363,6165.957887,6267.765139,6252.008819,6457.75127,6204.096662,..
GDP per capita (constant 2015 US$),NY.GDP.PCAP.KD,Arab World,ARB,4271.41531,4975.684865,6209.039599,6287.314935,6384.380005,6332.507987,6353.722456,6309.964076,5887.915493,6010.126019,6260.802665,..
GDP per capita (constant 2015 US$),NY.GDP.PCAP.KD,Bosnia and Herzegovina,BIH,..,2554.564127,4403.673915,4654.60862,4865.351291,5082.997254,5339.477068,5558.08144,5459.219629,5947.819318,6263.702073,..
GDP per capita (constant 2015 US$),NY.GDP.PCAP.KD,Thailand,THA,2608.168363,3511.440361,5561.697616,5708.794091,5878.75394,6099.198026,6336.239677,6453.89408,6048.100269,6127.589833,6278.35144,..
GDP per capita (constant 2015 US$),NY.GDP.PCAP.KD,Peru,PER,2695.373504,3279.35543,6056.033757,6180.119268,6337.580493,6400.038232,6530.422998,6550.448015,5754.310609,6446.893739,6554.961059,..
GDP per capita (constant 2015 US$),NY.GDP.PCAP.KD,Gabon,GAB,8360.263031,7611.835714,7039.682149,7090.454634,7038.577278,6893.384327,6786.89035,6893.323105,6619.688603,6581.22741,6637.066106,..
GDP per capita (constant 2015 US$),NY.GDP.PCAP.KD,Botswana,BWA,3931.730226,4917.232089,6291.271811,5869.737579,6166.239927,6287.834749,6418.706354,6485.568198,5810.898476,6395.139663,6657.585089,..
GDP per capita (constant 2015 US$),NY.GDP.PCAP.KD,Colombia,COL,3695.805804,4003.985169,6107.08302,6228.651622,6291.079698,6280.891051,6320.990748,6404.108766,5852.983235,6423.859895,6842.532512,..
GDP per capita (constant 2015 US$),NY.GDP.PCAP.KD,IBRD only,IBD,2182.507846,2738.100217,5356.715227,5536.382163,5732.469289,5976.120367,6217.188417,6412.946577,6282.091623,6713.281396,6927.55023,..
GDP per capita (constant 2015 US$),NY.GDP.PCAP.KD,Suriname,SUR,6470.699583,6098.063173,9316.204221,8907.837258,8382.866284,8425.860679,8751.107602,8756.153812,7275.364964,7029.629939,7141.816496,..
GDP per capita (constant 2015 US$),NY.GDP.PCAP.KD,Turkmenistan,TKM,3533.601132,2261.699865,5935.697157,6208.296655,6478.47003,6784.174349,7089.941805,7422.362521,7064.446507,7275.931053,7297.311054,..
GDP per capita (constant 2015 US$),NY.GDP.PCAP.KD,Dominica,DMA,5029.776161,6251.471177,8013.753085,7724.042411,7929.805284,7370.433117,7586.646141,7936.304818,6566.427357,6978.470497,7339.695107,..
GDP per capita (constant 2015 US$),NY.GDP.PCAP.KD,Cuba,CUB,4963.847383,4113.490275,7362.311259,7683.740254,7721.70357,7865.338609,8047.941031,8043.014197,7172.517928,7291.037772,7449.68288,..
GDP per capita (constant 2015 US$),NY.GDP.PCAP.KD,Serbia,SRB,..,3193.259003,5462.734775,5588.979444,5805.898062,5959.521304,6261.5257,6567.908055,6552.084391,7125.218582,7493.161802,..
GDP per capita (constant 2015 US$),NY.GDP.PCAP.KD,Middle East & North Africa,MEA,4838.390057,5630.39896,7168.655638,7217.651624,7396.02608,7394.310051,7421.529723,7379.034981,7002.737592,7228.063914,7550.710698,..
GDP per capita (constant 2015 US$),NY.GDP.PCAP.KD,Montenegro,MNE,..,4431.60047,6307.018561,6517.192675,6707.85041,7023.433812,7381.80764,7684.183972,6515.536806,7390.308117,7889.237633,..
GDP per capita (constant 2015 US$),NY.GDP.PCAP.KD,Libya,LBY,..,11170.12999,8057.300359,7867.515731,7639.232673,9968.916092,10595.24683,9278.27171,6431.462911,8347.142631,8150.631713,..
GDP per capita (constant 2015 US$),NY.GDP.PCAP.KD,Latin America & Caribbean (excluding high income),LAC,5731.156815,6579.43334,8363.41366,8301.026794,8174.806815,8245.885179,8284.787973,8252.048223,7644.439918,8104.280673,8349.861277,..
GDP per capita (constant 2015 US$),NY.GDP.PCAP.KD,St. Vincent and the Grenadines,VCT,3762.088009,5056.03365,7157.688514,7386.746638,7730.95422,7881.430195,8152.413628,8234.282222,7948.476474,8034.727329,8460.365482,..
GDP per capita (constant 2015 US$),NY.GDP.PCAP.KD,Nauru,NRU,..,..,8222.600276,7587.25441,8013.685042,7337.106231,7757.560402,8254.109783,8476.007464,8614.544764,8641.761789,..
GDP per capita (constant 2015 US$),NY.GDP.PCAP.KD,Grenada,GRD,5149.573002,6678.307413,7939.502066,8379.621847,8621.538901,8933.108249,9252.554034,9247.898382,7915.138714,8223.186698,8688.547802,..
GDP per capita (constant 2015 US$),NY.GDP.PCAP.KD,Dominican Republic,DOM,2802.821479,4175.171024,6472.849086,6838.936746,7209.990202,7461.653269,7894.955192,8205.142592,7571.78282,8410.605843,8732.080739,..
GDP per capita (constant 2015 US$),NY.GDP.PCAP.KD,Latin America & the Caribbean (IDA & IBRD countries),TLA,5769.000622,6744.61737,8637.520694,8577.487766,8458.974426,8534.961302,8595.525435,8578.693736,7953.595302,8468.929671,8738.534058,..
GDP per capita (constant 2015 US$),NY.GDP.PCAP.KD,Europe & Central Asia (excluding high income),ECA,5350.49054,4084.465384,7463.754469,7486.327414,7559.620476,7814.126777,8022.118814,8161.424243,8033.627994,8598.15408,8748.028255,..
GDP per capita (constant 2015 US$),NY.GDP.PCAP.KD,Brazil,BRA,6086.077553,6745.857771,9183.459727,8783.215424,8426.843221,8470.940604,8553.865902,8592.211207,8255.568013,8621.731582,8831.127729,..
GDP per capita (constant 2015 US$),NY.GDP.PCAP.KD,Latin America & Caribbean,LCN,5903.393418,6883.812084,8777.34921,8723.135457,8606.099508,8678.152971,8734.656273,8719.789446,8076.866677,8585.678133,8860.950034,..
GDP per capita (constant 2015 US$),NY.GDP.PCAP.KD,East Asia & Pacific (excluding high income),EAP,1062.284168,2103.714657,6137.899099,6500.07275,6875.115599,7280.749431,7705.433079,8105.016549,8167.2965,8758.109772,9033.805342,..
GDP per capita (constant 2015 US$),NY.GDP.PCAP.KD,East Asia & Pacific (IDA & IBRD countries),TEA,1074.916123,2128.452023,6206.870886,6572.915168,6951.962028,7361.883831,7791.130495,8195.048398,8257.981264,8855.418594,9134.30807,..
GDP per capita (constant 2015 US$),NY.GDP.PCAP.KD,Bulgaria,BGR,4431.028876,3721.303491,6802.710324,7078.860323,7344.443503,7601.438474,7862.86183,8237.926783,7958.82684,8638.718376,9550.94255,..
GDP per capita (constant 2015 US$),NY.GDP.PCAP.KD,Europe & Central Asia (IDA & IBRD countries),TEC,5350.440827,4444.776699,7941.847843,8020.645993,8130.232712,8442.610334,8719.168186,8914.008643,8751.422367,9373.722763,9631.03632,..
GDP per capita (constant 2015 US$),NY.GDP.PCAP.KD,Upper middle income,UMC,2735.541532,3536.913578,7425.630414,7683.611108,7947.62088,8299.102092,8649.118165,8949.980452,8844.818688,9480.017282,9747.162812,..
GDP per capita (constant 2015 US$),NY.GDP.PCAP.KD,Russian Federation,RUS,7849.519043,5323.666504,9520.948242,9313.021484,9313.975586,9473.1875,9739.908203,9958.469727,9714.383789,10251.67676,10030.03906,..
GDP per capita (constant 2015 US$),NY.GDP.PCAP.KD,Mexico,MEX,8145.016153,9655.602497,9947.886024,10098.17318,10161.35571,10240.31042,10343.35343,10226.23133,9273.811,9760.445299,10077.38331,..
GDP per capita (constant 2015 US$),NY.GDP.PCAP.KD,Mauritius,MUS,3810.480833,5671.02955,9181.615754,9507.871337,9868.327166,10247.69606,10652.48369,10956.94502,9362.874359,9679.12124,10570.49546,..
GDP per capita (constant 2015 US$),NY.GDP.PCAP.KD,Late-demographic dividend,LTE,2539.9838,3431.95942,7895.52516,8213.980431,8528.629782,8924.821573,9358.258601,9748.072132,9732.964094,10436.00517,10753.62884,..
GDP per capita (constant 2015 US$),NY.GDP.PCAP.KD,St. Lucia,LCA,8169.159852,9163.247088,10328.05883,10290.37157,10595.44925,10907.94529,11176.44082,11060.56379,8335.179528,9333.006816,10802.65572,..
GDP per capita (constant 2015 US$),NY.GDP.PCAP.KD,Caribbean small states,CSS,6558.728958,8078.83532,10526.54721,10484.86996,10198.49218,10087.85831,10151.04118,10173.91664,9166.622722,9657.388607,10899.44405,..
GDP per capita (constant 2015 US$),NY.GDP.PCAP.KD,Maldives,MDV,..,7037.197735,9530.588448,9480.431514,9688.248288,9972.377144,10453.63553,10888.64457,7164.307392,9731.556191,11035.58248,..
GDP per capita (constant 2015 US$),NY.GDP.PCAP.KD,Kazakhstan,KAZ,5831.079484,4446.451871,10539.04311,10510.77032,10476.34601,10758.51928,11053.36042,11402.75842,10974.24464,11298.35594,11290.89794,..
GDP per capita (constant 2015 US$),NY.GDP.PCAP.KD,World,WLD,6804.510571,7883.51567,9982.342575,10168.12454,10330.69967,10560.25286,10786.74487,10949.84699,10508.56049,11066.72456,11318.73545,..
GDP per capita (constant 2015 US$),NY.GDP.PCAP.KD,Malaysia,MYS,4260.279935,6461.991273,9369.102158,9699.600463,9984.163681,10416.04169,10777.76652,11114.56053,10382.72748,10605.67696,11399.39714,..
GDP per capita (constant 2015 US$),NY.GDP.PCAP.KD,China,CHN,905.0324572,2193.896866,7532.785301,8016.445595,8516.528742,9053.228725,9619.209475,10155.51088,10358.17,11223.25535,11560.24212,..
GDP per capita (constant 2015 US$),NY.GDP.PCAP.KD,Small states,SST,..,7262.772954,11519.21428,11588.22341,11611.82445,11536.7745,11602.16567,11662.79903,10894.27801,11261.83625,11753.16256,..
GDP per capita (constant 2015 US$),NY.GDP.PCAP.KD,East Asia & Pacific,EAS,3694.885852,5014.540009,9218.652242,9586.061906,9962.382204,10392.1382,10820.56457,11189.51336,11125.37838,11785.25489,12099.38973,..
GDP per capita (constant 2015 US$),NY.GDP.PCAP.KD,Romania,ROU,5017.16139,4567.239677,8661.122035,8976.954489,9286.596151,10106.01761,10778.44835,11252.88562,10898.92142,11607.4026,12188.64246,..
GDP per capita (constant 2015 US$),NY.GDP.PCAP.KD,Other small states,OSS,..,7398.136914,12421.88273,12502.87288,12582.56267,12489.6684,12547.82997,12615.39642,11874.11467,12256.22828,12594.19036,..
GDP per capita (constant 2015 US$),NY.GDP.PCAP.KD,Argentina,ARG,8144.494294,10672.72204,13567.94842,13789.06042,13360.21183,13595.03736,13105.39716,12716.2242,11346.65211,12444.31827,12940.73844,..
GDP per capita (constant 2015 US$),NY.GDP.PCAP.KD,Costa Rica,CRI,5967.190942,7646.027372,11240.71159,11529.95517,11893.32325,12267.16204,12470.95742,12662.42285,12030.04859,12906.99704,13424.4647,..
GDP per capita (constant 2015 US$),NY.GDP.PCAP.KD,Turkiye,TUR,5315.123406,6454.571761,10556.11704,11049.99511,11264.61457,11953.66642,12148.29425,12073.87155,12179.66117,13449.92617,14055.10556,..
GDP per capita (constant 2015 US$),NY.GDP.PCAP.KD,Trinidad and Tobago,TTO,5992.063827,9933.319685,18776.16443,18508.7705,17008.9733,16090.81029,15716.42973,15614.99139,14214.38682,13997.62109,14155.1748,..
GDP per capita (constant 2015 US$),NY.GDP.PCAP.KD,Chile,CHL,5380.317901,8549.079073,13418.97577,13567.35722,13642.01809,13612.92425,13904.11534,13758.74701,12738.72484,14093.09093,14355.60624,..
GDP per capita (constant 2015 US$),NY.GDP.PCAP.KD,Seychelles,SYC,8914.996905,11883.9045,14617.2015,14894.48578,15446.81343,15684.11279,16110.99086,16747.35542,15321.69133,16023.63192,14461.54569,..
GDP per capita (constant 2015 US$),NY.GDP.PCAP.KD,American Samoa,ASM,..,..,12494.98021,13101.54182,13116.43098,12442.85767,13049.33015,13288.35656,14214.64646,14464.81405,14969.05994,..
GDP per capita (constant 2015 US$),NY.GDP.PCAP.KD,Panama,PAN,5186.250569,7021.546436,13155.45367,13669.55944,14099.93633,14634.84251,14922.12999,15166.8809,12307.2592,14069.87941,15388.05586,..
GDP per capita (constant 2015 US$),NY.GDP.PCAP.KD,Central Europe and the Baltics,CEB,6311.893775,7414.028808,12014.13154,12526.59301,12903.97553,13596.01111,14295.752,14873.83473,14396.30627,15444.54443,16291.65189,..
GDP per capita (constant 2015 US$),NY.GDP.PCAP.KD,Hungary,HUN,..,8967.696269,12233.29937,12717.0386,13035.35286,13628.40449,14377.42416,15083.59917,14430.47683,15517.04945,16336.24113,..
GDP per capita (constant 2015 US$),NY.GDP.PCAP.KD,Barbados,BRB,15156.21212,16683.45065,16655.83928,17023.69436,17419.78888,17466.65254,17283.37792,17298.5068,15067.43698,14922.52908,16588.14881,..
GDP per capita (constant 2015 US$),NY.GDP.PCAP.KD,Croatia,HRV,..,8876.615724,11703.97887,12098.51203,12617.30604,13203.81924,13698.0548,14242.45567,13075.34717,15524.74339,16610.31809,..
GDP per capita (constant 2015 US$),NY.GDP.PCAP.KD,Latvia,LVA,..,6725.33754,13162.65456,13786.4568,14242.57267,14845.33489,15558.492,15759.08184,15312.33506,16481.52435,17081.34278,..
GDP per capita (constant 2015 US$),NY.GDP.PCAP.KD,Poland,POL,5111.34533,7344.120761,12024.60951,12560.05142,12936.57326,13599.81802,14408.38439,15053.23237,14774.9892,15863.23111,17117.3281,..
GDP per capita (constant 2015 US$),NY.GDP.PCAP.KD,Antigua and Barbuda,ATG,13215.20782,16055.95374,15882.30926,15985.54114,16526.43614,16830.39626,17901.04091,18357.67882,14803.76951,15921.09512,17335.04704,..
GDP per capita (constant 2015 US$),NY.GDP.PCAP.KD,Curacao,CUW,..,21523.64585,19529.52859,19361.81296,18953.05386,18651.4797,18355.17658,17980.52979,14974.32548,15864.76525,17387.2854,..
GDP per capita (constant 2015 US$),NY.GDP.PCAP.KD,Guyana,GUY,2386.057159,3788.241405,5659.081803,5668.429765,5852.81165,6038.253388,6127.679107,6348.68368,9126.791425,10857.31954,17646.21592,..
GDP per capita (constant 2015 US$),NY.GDP.PCAP.KD,Uruguay,URY,8286.698233,11008.63816,16943.69106,16950.75317,17181.90676,17437.85492,17440.38194,17563.20794,16459.97798,17342.79106,18214.80754,..
GDP per capita (constant 2015 US$),NY.GDP.PCAP.KD,Lithuania,LTU,..,6423.420676,13850.00013,14263.96458,14810.25178,15661.99625,16443.58529,17256.40815,17247.54369,18292.53285,18535.07797,..
GDP per capita (constant 2015 US$),NY.GDP.PCAP.KD,Oman,OMN,16255.58587,19953.67518,18694.31095,18777.43306,18799.80845,18260.00507,18256.65315,18044.27045,17662.24284,18300.762,18856.87524,..
GDP per capita (constant 2015 US$),NY.GDP.PCAP.KD,Slovak Republic,SVK,..,8914.598984,15600.36717,16390.88217,16687.98446,17151.65248,17818.23411,18240.99372,17617.4487,18500.41971,18877.95938,..
GDP per capita (constant 2015 US$),NY.GDP.PCAP.KD,French Polynesia,PYF,24464.15954,21578.59985,18072.11379,18252.5142,18573.38493,19260.61953,19471.39011,19856.25906,18321.52796,18575.3862,19262.6132,..
GDP per capita (constant 2015 US$),NY.GDP.PCAP.KD,Czechia,CZE,11626.62587,12312.49777,16951.37912,17829.69832,18247.01173,19139.23988,19689.5827,20206.42564,19048.08685,20085.51607,20237.29455,..
GDP per capita (constant 2015 US$),NY.GDP.PCAP.KD,Greece,GRC,15525.7741,18642.72127,18000.41846,18083.87791,18070.78073,18304.30768,18647.49572,19017.99643,17283.24572,18960.89058,20287.7253,..
GDP per capita (constant 2015 US$),NY.GDP.PCAP.KD,Turks and Caicos Islands,TCA,..,..,24190.68979,25783.2941,26417.95734,24726.9474,25080.16449,25438.78329,18122.42502,19386.5198,20323.14878,..
GDP per capita (constant 2015 US$),NY.GDP.PCAP.KD,St. Kitts and Nevis,KNA,10061.80354,13939.59438,19884.096,20025.65235,20812.06119,20817.13818,21255.15484,22138.59216,18943.1124,18788.42421,20428.41474,..
GDP per capita (constant 2015 US$),NY.GDP.PCAP.KD,Saudi Arabia,SAU,17758.83504,17018.61189,19905.99484,20442.36606,20508.11765,20028.21365,20096.55249,19806.11547,18856.91381,19698.24471,21138.64641,..
GDP per capita (constant 2015 US$),NY.GDP.PCAP.KD,Estonia,EST,..,9960.139039,17096.64458,17402.03761,17945.94496,18962.4103,19611.61099,20269.57514,20118.10507,21707.24075,21143.29136,..
GDP per capita (constant 2015 US$),NY.GDP.PCAP.KD,Portugal,PRT,14572.28838,18795.03115,18833.05183,19250.10654,19700.91,20441.4858,21057.61748,21617.41162,19802.22891,20807.52768,22125.93919,..
GDP per capita (constant 2015 US$),NY.GDP.PCAP.KD,Bahrain,BHR,17405.8852,21713.53805,23107.95659,22795.44886,22810.77492,23019.25574,23023.11978,23414.21907,22579.36201,23407.19585,24395.47247,..
GDP per capita (constant 2015 US$),NY.GDP.PCAP.KD,Europe & Central Asia,ECS,15936.12913,18435.00174,22231.81617,22588.58857,22918.02159,23495.73777,23910.53745,24265.41708,22883.62024,24344.24701,25191.29108,..
GDP per capita (constant 2015 US$),NY.GDP.PCAP.KD,Slovenia,SVN,..,16240.65689,20453.83339,20890.16643,21541.17642,22563.75894,23483.52912,24142.08957,22963.93341,24786.79121,25349.75855,..
GDP per capita (constant 2015 US$),NY.GDP.PCAP.KD,Kuwait,KWT,..,31662.81414,30282.47353,29315.19851,29134.31905,27244.47083,26664.63332,25777.56876,23929.48287,24832.26504,26913.80116,..
GDP per capita (constant 2015 US$),NY.GDP.PCAP.KD,Spain,ESP,18969.80864,23937.96855,24783.08295,25754.36103,26514.32481,27239.35244,27739.86477,28087.89792,24829.64859,26391.59723,27702.7453,..
GDP per capita (constant 2015 US$),NY.GDP.PCAP.KD,Brunei Darussalam,BRN,34722.5917,33985.81548,31155.74411,30681.43397,29601.0965,29695.88082,29437.86518,30313.41386,30401.84383,29673.16588,28954.06409,..
GDP per capita (constant 2015 US$),NY.GDP.PCAP.KD,Puerto Rico,PRI,18733.67434,26132.00364,29554.62442,29763.4883,29961.75282,29809.2177,29687.20648,30181.27248,28138.67747,28423.81262,29752.12811,..
GDP per capita (constant 2015 US$),NY.GDP.PCAP.KD,"Bahamas, The",BHS,31592.29294,32300.76587,29701.45803,29724.95334,29253.89133,29763.50484,30412.13282,29988.16535,22830.5036,26614.18992,30283.89699,..
GDP per capita (constant 2015 US$),NY.GDP.PCAP.KD,Malta,MLT,10074.3091,17189.56549,23286.22645,24921.71418,25181.4771,27164.30042,28177.54954,29003.58181,26077.62734,29103.69739,30379.5968,..
GDP per capita (constant 2015 US$),NY.GDP.PCAP.KD,Cyprus,CYP,17143.34766,22382.49609,22513.87891,23408.44141,24805.3125,26013.94922,27161.52344,28360.35938,27089.88281,29498.70898,30571.55078,..
GDP per capita (constant 2015 US$),NY.GDP.PCAP.KD,Sint Maarten (Dutch part),SXM,..,..,37584.98114,36519.99259,35818.02125,32625.21732,30149.58381,32882.18805,28030.41452,29067.58303,31782.1295,..
GDP per capita (constant 2015 US$),NY.GDP.PCAP.KD,"Macao SAR, China",MAC,30001.48212,31668.02199,95001.4822,73220.63556,71394.86114,76970.26821,80342.58758,76789.40658,34410.3458,41869.83924,32482.92055,..
GDP per capita (constant 2015 US$),NY.GDP.PCAP.KD,Aruba,ABW,25411.16791,30703.66095,28780.63078,28419.26453,28737.89624,30598.64873,31172.80219,30317.60691,23015.74187,29390.38073,32492.17863,..
GDP per capita (constant 2015 US$),NY.GDP.PCAP.KD,Italy,ITA,27490.63204,32350.90437,29979.91872,30242.38614,30685.6459,31244.2271,31593.48026,32114.29986,29375.03734,31981.68071,33281.33667,..
GDP per capita (constant 2015 US$),NY.GDP.PCAP.KD,"Korea, Rep.",KOR,9367.092587,16995.55919,28100.01028,28737.43917,29467.12434,30312.88885,31059.26681,31645.94983,31378.15793,32786.692,33719.38642,..
GDP per capita (constant 2015 US$),NY.GDP.PCAP.KD,European Union,EUU,21534.76473,26229.11249,29864.10268,30487.15617,31022.32321,31854.89087,32455.94929,33014.74086,31126.38019,33035.29323,34158.98003,..
GDP per capita (constant 2015 US$),NY.GDP.PCAP.KD,Japan,JPN,28422.21312,31430.63113,34386.90586,34960.63938,35242.19938,35861.97285,36138.52908,36043.7844,34650.79678,35701.45427,36202.63927,..
GDP per capita (constant 2015 US$),NY.GDP.PCAP.KD,Euro area,EMU,25343.32936,30699.94935,33527.83544,34117.72416,34656.72158,35497.09328,36050.20368,36584.84796,34306.50955,36354.99091,37436.23236,..
GDP per capita (constant 2015 US$),NY.GDP.PCAP.KD,France,FRA,28617.44357,33592.46683,36378.61866,36652.92231,36956.7958,37694.0833,38259.69777,38832.0242,35806.61789,38002.19424,38816.47928,..
GDP per capita (constant 2015 US$),NY.GDP.PCAP.KD,OECD members,OED,25271.73952,30630.03406,35044.13651,35666.45674,36076.21856,36757.90806,37394.52604,37841.28207,36063.6524,38079.58143,39002.41529,..
GDP per capita (constant 2015 US$),NY.GDP.PCAP.KD,Andorra,AND,30578.07437,33901.1929,38402.6673,38885.54859,39886.65882,39321.63278,39320.11092,39413.80939,34394.4302,36616.11796,39447.53825,..
GDP per capita (constant 2015 US$),NY.GDP.PCAP.KD,New Zealand,NZL,26371.00332,30825.9568,38005.28193,38630.72659,39208.76763,39751.61362,40422.34579,40757.36815,39607.87893,41481.98674,42558.93629,..
GDP per capita (constant 2015 US$),NY.GDP.PCAP.KD,Israel,ISR,..,29321.3254,36035.25775,36206.52222,37109.02182,37953.04046,38744.16044,39591.36876,38176.75434,40772.97049,42710.77822,..
GDP per capita (constant 2015 US$),NY.GDP.PCAP.KD,Germany,DEU,29485.70997,34490.07577,40851.16173,41103.25644,41682.03224,42639.55441,42928.74124,43292.68389,41601.97316,42900.02252,43361.17712,..
GDP per capita (constant 2015 US$),NY.GDP.PCAP.KD,"Hong Kong SAR, China",HKG,21357.25108,26933.25019,41796.84057,42432.16197,43087.54139,44380.80232,45280.4865,44195.26234,41451.28672,44525.59296,43369.7143,..
GDP per capita (constant 2015 US$),NY.GDP.PCAP.KD,High income,HIC,27301.05803,33587.37646,39110.58033,39811.48018,40309.25997,41068.22672,41826.45468,42383.21489,40445.47143,42735.4871,43816.77953,..
GDP per capita (constant 2015 US$),NY.GDP.PCAP.KD,Belgium,BEL,29441.66215,35674.79125,40421.42079,41008.29672,41318.01964,41825.76283,42382.31828,43098.47506,40655.55715,43262.43159,44184.68529,..
GDP per capita (constant 2015 US$),NY.GDP.PCAP.KD,Post-demographic dividend,PST,27813.65481,34226.10695,39968.06632,40636.3472,41155.77744,41974.69979,42763.68191,43364.41529,41320.34984,43626.81312,44800.99573,..
GDP per capita (constant 2015 US$),NY.GDP.PCAP.KD,Canada,CAN,31700.54627,37906.86012,43639.08653,43596.13554,43552.92982,44339.19333,44916.47416,45120.99976,42390.0631,44375.12719,45237.77947,..
GDP per capita (constant 2015 US$),NY.GDP.PCAP.KD,United Arab Emirates,ARE,66911.08935,61187.76975,39242.27531,41525.1389,43457.51348,43419.56374,43644.14704,43785.41727,41276.05551,42715.44017,45698.01053,..
GDP per capita (constant 2015 US$),NY.GDP.PCAP.KD,Austria,AUT,31340.68129,38842.89052,44245.16874,44195.81759,44590.25163,45281.7234,46154.6251,46616.35917,43343.9719,44984.41974,46697.85652,..
GDP per capita (constant 2015 US$),NY.GDP.PCAP.KD,Finland,FIN,31279.95197,37884.39132,42710.92129,42801.90812,43878.96673,45173.62941,45627.91989,46135.88142,44984.73445,46165.68655,46792.75352,..
GDP per capita (constant 2015 US$),NY.GDP.PCAP.KD,United Kingdom,GBR,30874.50893,38918.45506,44337.67864,44964.39114,45482.17829,46373.63853,46740.55359,47240.59962,42191.91737,45889.61102,47923.48224,..
GDP per capita (constant 2015 US$),NY.GDP.PCAP.KD,Netherlands,NLD,31106.05196,40456.94224,44521.89454,45193.40322,45938.78504,46997.34545,47826.81912,48443.73205,46303.21886,48913.51899,50546.78937,..
GDP per capita (constant 2015 US$),NY.GDP.PCAP.KD,Sweden,SWE,34570.30573,41117.15243,49855.30101,51545.48361,51955.86107,52576.81028,52983.00686,53490.35182,51952.67313,54816.00585,56029.49526,..
GDP per capita (constant 2015 US$),NY.GDP.PCAP.KD,Iceland,ISL,..,42174.66506,51233.24405,52951.68151,55513.6423,56501.45768,57697.80442,57493.41953,52486.03905,53960.10337,56429.29978,..
GDP per capita (constant 2015 US$),NY.GDP.PCAP.KD,Faroe Islands,FRO,..,..,52595.02543,52726.68738,52762.42872,53822.9099,54506.38707,56099.96896,54248.5498,56856.68539,59699.20083,..
GDP per capita (constant 2015 US$),NY.GDP.PCAP.KD,Denmark,DNK,39295.24344,49241.928,52404.76397,53254.85637,54556.06895,55735.7649,56563.48847,57203.02779,55653.58745,59205.64669,60345.55732,..
GDP per capita (constant 2015 US$),NY.GDP.PCAP.KD,North America,NAC,38554.54231,47694.99618,54478.51727,55452.42138,55919.6128,56815.13085,58119.59409,59105.7679,56807.00703,60035.16285,60961.19647,..
GDP per capita (constant 2015 US$),NY.GDP.PCAP.KD,Australia,AUS,36887.25166,45858.58009,56341.13415,56758.8692,57432.18029,57804.05091,58600.79036,59000.73544,58082.42658,59225.52454,60993.64125,..
GDP per capita (constant 2015 US$),NY.GDP.PCAP.KD,United States,USA,39303.48901,48746.04096,55675.38685,56762.72945,57292.53878,58207.57831,59607.39366,60698.0113,58451.60672,61829.84563,62789.12792,..
GDP per capita (constant 2015 US$),NY.GDP.PCAP.KD,Qatar,QAT,..,52157.76335,69723.72737,66984.9102,64233.26221,60551.02004,60080.69655,59621.38165,58476.19943,61022.5029,63428.36409,..
GDP per capita (constant 2015 US$),NY.GDP.PCAP.KD,Singapore,SGP,23272.70009,34890.08114,54681.93365,55645.60686,56906.63258,59440.19971,61276.94659,61386.23615,59175.81104,67175.864,67359.78988,..
GDP per capita (constant 2015 US$),NY.GDP.PCAP.KD,Norway,NOR,49937.45578,67846.59685,74180.32387,74809.9658,75017.49447,76247.41166,76373.62411,76712.28713,75287.20595,77812.71157,79442.53345,..
GDP per capita (constant 2015 US$),NY.GDP.PCAP.KD,Cayman Islands,CYM,..,..,76872.5807,77295.84529,78077.43383,78883.2812,80597.70911,82170.59269,76609.76938,78731.14796,80946.966,..
GDP per capita (constant 2015 US$),NY.GDP.PCAP.KD,Switzerland,CHE,70063.85169,73749.9388,83394.37114,83806.4476,84611.09985,84967.58855,86756.60213,87123.66044,84637.01323,88520.322,90057.03594,..
GDP per capita (constant 2015 US$),NY.GDP.PCAP.KD,Ireland,IRL,23085.21414,41924.29325,50427.32967,62179.26427,62566.79784,67652.01992,72478.83824,75281.92153,79441.70868,90589.19673,97316.87751,..
GDP per capita (constant 2015 US$),NY.GDP.PCAP.KD,Bermuda,BMU,86436.23431,109001.586,101374.4698,102005.6256,102407.3944,107237.0318,106697.7375,107036.2393,99745.24161,102959.2549,106359.9705,..
GDP per capita (constant 2015 US$),NY.GDP.PCAP.KD,Luxembourg,LUX,66027.0758,92527.71181,105583.937,105462.0126,108351.4522,107142.1276,106376.7836,107350.6267,104616.0347,110425.8884,109714.9243,..
GDP per capita (constant 2015 US$),NY.GDP.PCAP.KD,Monaco,MCO,106022.2125,120467.8085,165362.5096,170338.6804,173916.3158,168744.9942,178571.348,191194.5622,166822.5718,204610.1204,228667.9353,..
GDP per capita (constant 2015 US$),NY.GDP.PCAP.KD,Afghanistan,AFG,..,..,576.4878203,566.8811327,564.9208436,563.4882394,553.9733089,559.1409569,529.1449125,407.6165074,..,..
GDP per capita (constant 2015 US$),NY.GDP.PCAP.KD,Bhutan,BTN,747.2360426,1115.625334,2551.483073,2695.636924,2889.493887,2998.473207,3079.143963,3233.597889,2884.208737,2992.439287,..,..
GDP per capita (constant 2015 US$),NY.GDP.PCAP.KD,British Virgin Islands,VGB,..,..,..,..,..,..,..,..,..,..,..,..
GDP per capita (constant 2015 US$),NY.GDP.PCAP.KD,Channel Islands,CHI,..,..,..,..,..,..,..,..,..,..,..,..
GDP per capita (constant 2015 US$),NY.GDP.PCAP.KD,Eritrea,ERI,..,793.6205616,..,..,..,..,..,..,..,..,..,..
GDP per capita (constant 2015 US$),NY.GDP.PCAP.KD,Gibraltar,GIB,..,..,..,..,..,..,..,..,..,..,..,..
GDP per capita (constant 2015 US$),NY.GDP.PCAP.KD,Greenland,GRL,26805.5497,31614.61883,45545.14294,44536.35497,46561.78314,46597.94525,47012.98604,48170.7897,48139.5826,48514.52713,..,..
GDP per capita (constant 2015 US$),NY.GDP.PCAP.KD,Guam,GUM,..,..,34328.5632,34522.37793,34509.60065,34763.08114,34472.9594,35378.95577,31236.07975,31325.3963,..,..
GDP per capita (constant 2015 US$),NY.GDP.PCAP.KD,Isle of Man,IMN,28063.19123,46334.3409,84774.41828,84753.45673,90801.10413,93232.58417,95074.37475,95137.2757,86614.11562,..,..,..
GDP per capita (constant 2015 US$),NY.GDP.PCAP.KD,"Korea, Dem. People's Rep.",PRK,..,..,..,..,..,..,..,..,..,..,..,..
GDP per capita (constant 2015 US$),NY.GDP.PCAP.KD,Lebanon,LBN,2753.854252,5970.974546,7921.080236,7802.751368,8101.709668,8374.740359,8435.637354,8081.743344,6485.72604,6107.454709,..,..
GDP per capita (constant 2015 US$),NY.GDP.PCAP.KD,Liechtenstein,LIE,..,..,..,167809.2699,..,..,..,..,..,..,..,..
GDP per capita (constant 2015 US$),NY.GDP.PCAP.KD,New Caledonia,NCL,..,..,..,32428.57223,..,..,..,..,..,..,..,..
GDP per capita (constant 2015 US$),NY.GDP.PCAP.KD,Northern Mariana Islands,MNP,..,..,16974.27842,17665.10075,22995.52741,28549.32658,23242.92544,20796.03042,14703.51161,..,..,..
GDP per capita (constant 2015 US$),NY.GDP.PCAP.KD,Palau,PLW,..,11392.036,14654.76039,15761.36338,15728.77601,15069.46636,15258.82807,15244.70856,14049.89325,12086.982,..,..
GDP per capita (constant 2015 US$),NY.GDP.PCAP.KD,San Marino,SMR,..,55756.96229,41558.69882,42281.81125,42935.41734,42765.69982,43277.50141,44143.04564,41415.66696,45269.47405,..,..
GDP per capita (constant 2015 US$),NY.GDP.PCAP.KD,South Sudan,SSD,..,..,1199.421045,1071.777765,..,..,..,..,..,..,..,..
GDP per capita (constant 2015 US$),NY.GDP.PCAP.KD,St. Martin (French part),MAF,..,..,..,..,..,..,..,..,..,..,..,..
GDP per capita (constant 2015 US$),NY.GDP.PCAP.KD,Syrian Arab Republic,SYR,944.7556909,1273.783793,856.2460996,857.4978671,812.7660886,806.0747622,802.5050623,781.3912171,754.6463283,744.6743437,..,..
GDP per capita (constant 2015 US$),NY.GDP.PCAP.KD,Tonga,TON,2644.91203,3506.266147,4050.993287,4117.931047,4405.749412,4564.736876,4587.280141,4628.448013,4637.675453,4481.478352,..,..
GDP per capita (constant 2015 US$),NY.GDP.PCAP.KD,"Venezuela, RB",VEN,..,..,..,..,..,..,..,..,..,..,..,..
GDP per capita (constant 2015 US$),NY.GDP.PCAP.KD,Virgin Islands (U.S.),VIR,..,..,34098.711,34007.35294,34614.74826,34435.49445,35183.23575,36328.06822,35758.79476,36925.3325,..,..
GDP per capita (constant 2015 US$),NY.GDP.PCAP.KD,Not classified,INX,..,..,..,..,..,..,..,..,..,..,..,..
,,,,,,,,,,,,,,,
,,,,,,,,,,,,,,,
,,,,,,,,,,,,,,,
Data from database: World Development Indicators,,,,,,,,,,,,,,,
Last Updated: 03/28/2024,,,,,,,,,,,,,,,
Code,License Type,Indicator Name,Long definition,Source,Topic,Periodicity,Base Period,Aggregation method,Statistical concept and methodology,License URL,,,,,
NY.GNP.PCAP.KD,CC BY-4.0,GNI per capita (constant 2015 US$),GNI per capita is gross national income divided by midyear population. GNI (formerly GNP) is the sum of value added by all resident producers plus any product taxes (less subsidies) not included in the valuation of output plus net receipts of primary income (compensation of employees and property income) from abroad. Data are in constant 2015 U.S. dollars.,"World Bank national accounts data, and OECD National Accounts data files.",Economic Policy & Debt: National accounts: US$ at constant 2015 prices: Aggregate indicators,Annual,2015,Weighted average,,https://datacatalog.worldbank.org/public-licenses#cc-by,,,,,
NY.GDP.PCAP.KD,CC BY-4.0,GDP per capita (constant 2015 US$),GDP per capita is gross domestic product divided by midyear population. GDP is the sum of gross value added by all resident producers in the economy plus any product taxes and minus any subsidies not included in the value of the products. It is calculated without making deductions for depreciation of fabricated assets or for depletion and degradation of natural resources. Data are in constant 2015 U.S. dollars.,"World Bank national accounts data, and OECD National Accounts data files.",Economic Policy & Debt: National accounts: US$ at constant 2015 prices: Aggregate indicators,Annual,2015,Weighted average,"For more information, see the metadata for constant U.S. dollar GDP (NY.GDP.MKTP.KD) and total population (SP.POP.TOTL).",https://datacatalog.worldbank.org/public-licenses#cc-by,,,,,
